{
    "300.0": {
        "A_chq3": 1.448686119006679,
        "u_A_chq3": 0.014465463593422863,
        "A_chw": 0.8594694909405668,
        "u_A_chw": 0.007830003394940532,
        "B_chq3_2": 0.9110637377033839,
        "u_B_chq3_2": 0.11077062895564829,
        "B_chw_2": 0.3444225854183481,
        "u_B_chw_2": 0.06615355687845326,
        "B_chq3_chw": 0.9054948035465723,
        "u_B_chq3_chw": 0.1605511734904752
    },
    "301.0": {
        "A_chq3": 1.1227056326660487,
        "u_A_chq3": 0.002970031995398158,
        "A_chw": 0.8015668814275954,
        "u_A_chw": 0.0020782287871378897,
        "B_chq3_2": 0.4805406471017151,
        "u_B_chq3_2": 0.09094946053066127,
        "B_chw_2": 0.19891311732310654,
        "u_B_chw_2": 0.0022883493615113858,
        "B_chq3_chw": 0.499407784648769,
        "u_B_chq3_chw": 0.007246241460905177
    },
    "302.0": {
        "A_chq3": 1.9254592475357548,
        "u_A_chq3": 0.00695662434498245,
        "A_chw": 0.9195108886284084,
        "u_A_chw": 0.003907467210581733,
        "B_chq3_2": 1.4169703563097045,
        "u_B_chq3_2": 0.16510930835269122,
        "B_chw_2": 0.3518592026019393,
        "u_B_chw_2": 0.00533667852077953,
        "B_chq3_chw": 1.0142602666889826,
        "u_B_chq3_chw": 0.010718767444822815
    },
    "303.0": {
        "A_chq3": 4.1434067176188,
        "u_A_chq3": 0.01748423385866035,
        "A_chw": 0.9439957147645739,
        "u_A_chw": 0.008596118212025858,
        "B_chq3_2": 5.52467406931435,
        "u_B_chq3_2": 0.1345582070356756,
        "B_chw_2": 0.72432297066596,
        "u_B_chw_2": 0.027782422942746028,
        "B_chq3_chw": 2.182052625541919,
        "u_B_chq3_chw": 0.04558361784894329
    },
    "304.0": {
        "A_chq3": 3.711327848853576,
        "u_A_chq3": 0.022573269151886805,
        "A_chw": 0.9749213300384747,
        "u_A_chw": 0.011123441111865692,
        "B_chq3_2": 5.453419875504394,
        "u_B_chq3_2": 0.24994769139453893,
        "B_chw_2": 0.7532849009978416,
        "u_B_chw_2": 0.04603534698068432,
        "B_chq3_chw": 2.590341580906502,
        "u_B_chq3_chw": 0.20079162536238646
    },
    "305.0": {
        "A_chq3": 10.438971486917112,
        "u_A_chq3": 0.07904588925787953,
        "A_chw": 0.9536062397773669,
        "u_A_chw": 0.016648924321558147,
        "B_chq3_2": 59.47016413092185,
        "u_B_chq3_2": 1.542313299506322,
        "B_chw_2": 1.8484272231756023,
        "u_B_chw_2": 0.04287686964964532,
        "B_chq3_chw": 6.995860310448972,
        "u_B_chq3_chw": 0.31059619575946923
    },
    "400.0": {
        "A_chq1": -0.555452218274988, 
        "u_A_chq1": 0.1684057276322916, 
        "A_chq3": 1.9752749561614715, 
        "u_A_chq3": 0.1106753072113118, 
        "A_chu": 0.5493153920936192, 
        "u_A_chu": 0.05520974492780587, 
        "A_chd": -0.12891786976549796, 
        "u_A_chd": 0.016969665623918884, 
        "A_chw": 0.8067416502366827, 
        "u_A_chw": 0.037148388653102306, 
        "A_chwb": 0.35225705959314213, 
        "u_A_chwb": 0.017287168463093236, 
        "B_chq1_2": 2.3347878033489913, 
        "u_B_chq1_2": 0.8673426816727805, 
        "B_chq3_2": 2.3348690068415365, 
        "u_B_chq3_2": 0.867338466928286, 
        "B_chu_2": 2.2444613539518277, 
        "u_B_chu_2": 1.2184040549161677, 
        "B_chd_2": 0.5241418551193409, 
        "u_B_chd_2": 0.10370033691047967, 
        "B_chw_2": 0.3112771208307969, 
        "u_B_chw_2": 0.03025461266333487, 
        "B_chwb_2": 0.0674737707040513, 
        "u_B_chwb_2": 0.005224606566784931, 
        "B_chq1_chq3": -2.751240198795236, 
        "u_B_chq1_chq3": 1.752985458602338, 
        "B_chq1_chw": -0.3603930816895778, 
        "u_B_chq1_chw": 0.1109016796646504, 
        "B_chq1_chwb": -0.07693150740939281, 
        "u_B_chq1_chwb": 0.03708905666018497, 
        "B_chq3_chw": 1.0473243165278068, 
        "u_B_chq3_chw": 0.08923550690201343, 
        "B_chq3_chwb": 0.36110540099761046, 
        "u_B_chq3_chwb": 0.02859134123084434, 
        "B_chu_chw": 0.014312876488919985, 
        "u_B_chu_chw": 0.001428524886504467, 
        "B_chu_chwb": 0.21440606743410592, 
        "u_B_chu_chwb": 0.034041796311716145, 
        "B_chd_chw": -0.0031086252873354357, 
        "u_B_chd_chw": 0.00043711435269215874, 
        "B_chd_chwb": -0.05400224757638807, 
        "u_B_chd_chwb": 0.01099657440523678, 
        "B_chw_chwb": 0.18036473996710972, 
        "u_B_chw_chwb": 0.01693624867300018
    }, 
    "401.0": {
        "A_chq1": 0.06917798346329124, 
        "u_A_chq1": 0.010795814392329638, 
        "A_chq3": 1.1610656463129474, 
        "u_A_chq3": 0.0050857531822447975, 
        "A_chu": 0.23109334864541436, 
        "u_A_chu": 0.002724662160561729, 
        "A_chd": -0.10766987898543912, 
        "u_A_chd": 0.0011330285586254255, 
        "A_chw": 0.6737086995148069, 
        "u_A_chw": 0.0030704171540569454, 
        "A_chwb": 0.3175545641095999, 
        "u_A_chwb": 0.0023829861224448747, 
        "B_chq1_2": 0.5204610223693582, 
        "u_B_chq1_2": 0.08152234043204723, 
        "B_chq3_2": 0.5204763513885465, 
        "u_B_chq3_2": 0.08152233646027889, 
        "B_chu_2": 0.27968396813257823, 
        "u_B_chu_2": 0.053057416211797624, 
        "B_chd_2": 0.21477927482729445, 
        "u_B_chd_2": 0.007674284985344362, 
        "B_chw_2": 0.15718930999934788, 
        "u_B_chw_2": 0.002383496096831313, 
        "B_chwb_2": 0.05290199082460807, 
        "u_B_chwb_2": 0.007752342657846403, 
        "B_chq1_chq3": -0.18151472729166718, 
        "u_B_chq1_chq3": 0.16326204945667047, 
        "B_chq1_chw": -0.006203472827407948, 
        "u_B_chq1_chw": 0.00719269090117938, 
        "B_chq1_chwb": 0.017716264089358866, 
        "u_B_chq1_chwb": 0.007771563814478275, 
        "B_chq3_chw": 0.4836199690540132, 
        "u_B_chq3_chw": 0.005995759421350906, 
        "B_chq3_chwb": 0.19905497867064376, 
        "u_B_chq3_chwb": 0.007598866679799508, 
        "B_chu_chw": 0.008338067544231843, 
        "u_B_chu_chw": 0.000123338635874369, 
        "B_chu_chwb": 0.06817763369064346, 
        "u_B_chu_chwb": 0.006197736988459367, 
        "B_chd_chw": -0.003906327836059104, 
        "u_B_chd_chw": 5.661210816845512e-05, 
        "B_chd_chwb": -0.030678440369691903, 
        "u_B_chd_chwb": 0.0012362175117731713, 
        "B_chw_chwb": 0.10890497447845342, 
        "u_B_chw_chwb": 0.0018093643573607314
    }, 
    "402.0": {
        "A_chq1": 0.09528672510572878, 
        "u_A_chq1": 0.007048485330840421, 
        "A_chq3": 1.8196523627610672, 
        "u_A_chq3": 0.003631874724649601, 
        "A_chu": 0.36534482243771554, 
        "u_A_chu": 0.0018412142462992903, 
        "A_chd": -0.16732392148940756, 
        "u_A_chd": 0.0006979230572754103, 
        "A_chw": 0.7511851957556293, 
        "u_A_chw": 0.0013698792229373186, 
        "A_chwb": 0.3384006865060039, 
        "u_A_chwb": 0.0007409880455946338, 
        "B_chq1_2": 1.529491561995188, 
        "u_B_chq1_2": 0.18575398799534656, 
        "B_chq3_2": 1.529501469875297, 
        "u_B_chq3_2": 0.18575421136838546, 
        "B_chu_2": 0.9210706620376684, 
        "u_B_chu_2": 0.17657606925653097, 
        "B_chd_2": 0.5725631809689438, 
        "u_B_chd_2": 0.05923086034980293, 
        "B_chw_2": 0.234045801652772, 
        "u_B_chw_2": 0.0013621850380593427, 
        "B_chwb_2": 0.055925923734368076, 
        "u_B_chwb_2": 0.0005183531944883329, 
        "B_chq1_chq3": -0.6825472554277637, 
        "u_B_chq1_chq3": 0.37164039194949483, 
        "B_chq1_chw": -0.03035577683766062, 
        "u_B_chq1_chw": 0.004666431533155628, 
        "B_chq1_chwb": 0.04121452445684519, 
        "u_B_chq1_chwb": 0.0016330224279442272, 
        "B_chq3_chw": 0.8339524611655822, 
        "u_B_chq3_chw": 0.0037558917477914762, 
        "B_chq3_chwb": 0.3122797302799815, 
        "u_B_chq3_chwb": 0.0012681624915628846, 
        "B_chu_chw": 0.00928051038793066, 
        "u_B_chu_chw": 5.8646782375911196e-05,